RegionID,SizeRank,RegionName,RegionType,StateName,2018-01-31,2018-02-28,2018-03-31,2018-04-30,2018-05-31,2018-06-30,2018-07-31,2018-08-31,2018-09-30,2018-10-31,2018-11-30,2018-12-31,2019-01-31,2019-02-28,2019-03-31,2019-04-30,2019-05-31,2019-06-30,2019-07-31,2019-08-31,2019-09-30,2019-10-31,2019-11-30,2019-12-31,2020-01-31,2020-02-29,2020-03-31,2020-04-30,2020-05-31,2020-06-30,2020-07-31,2020-08-31,2020-09-30,2020-10-31,2020-11-30,2020-12-31,2021-01-31,2021-02-28
102001,0,United States,Country,"",6000.0,6000.0,7000.0,8000.0,8900.0,9000.0,8000.0,7099.0,7500.0,7100.0,6000.0,5400.0,6000.0,6000.0,7000.0,8000.0,9000.0,9000.0,7900.0,7000.0,7000.0,6000.0,5900.0,5050.0,5500.0,7014.0,7297.0,6000.0,6500.0,8100.0,9100.0,9500.0,10000.0,9900.0,9000.0,7900.0,8024.0,10000.0
394913,1,"New York, NY",Msa,NY,14600.0,15000.0,16000.0,18900.0,19100.0,16000.0,15000.0,14900.0,16000.0,16000.0,15000.0,14900.0,15000.0,15000.0,15000.0,17600.0,16000.0,16000.0,15000.0,14000.0,16000.0,15000.0,14947.5,14000.0,15000.0,15000.0,15000.0,11900.0,14261.0,15000.0,20000.0,20000.0,20000.0,20000.0,20000.0,19905.5,20000.0,20000.0
753899,2,"Los Angeles-Long Beach-Anaheim, CA",Msa,CA,19100.0,19000.0,20000.0,20000.0,20000.0,20000.0,19000.0,15900.0,16000.0,16000.0,15100.0,15000.0,15000.0,15000.0,15090.0,19000.0,19030.0,19999.0,20000.0,19000.0,19000.0,19500.0,19500.0,15000.0,19000.0,21000.0,22000.0,18889.0,19100.0,20000.0,20800.0,25000.0,24000.0,24000.0,24000.0,20000.0,25000.0,25000.0
394463,3,"Chicago, IL",Msa,IL,5000.0,6000.0,7800.0,9000.0,9000.0,8000.0,7000.0,6000.0,6000.0,5500.0,5000.0,5000.0,5100.0,5970.0,7000.0,8000.0,8500.0,8000.0,6500.0,5700.0,6000.0,5100.0,5000.0,5000.0,5000.0,6100.0,6000.0,5400.0,5400.0,7000.0,9000.0,9000.0,9000.0,8000.0,6000.0,5100.0,6000.0,9000.0
394514,4,"Dallas-Fort Worth, TX",Msa,TX,6000.0,7500.0,8000.0,8000.0,9000.0,7000.0,7000.0,5100.0,5400.0,5600.0,5010.0,5000.0,5100.0,5600.0,5900.0,6100.0,6000.0,6000.0,5450.0,5100.0,5100.0,5000.0,5000.0,5000.0,5000.0,5100.0,5750.0,5000.0,5010.0,5950.0,6000.0,6000.0,6000.0,7500.0,6612.5,7000.0,7500.0,7305.0
394974,5,"Philadelphia, PA",Msa,PA,5900.0,5900.0,6000.0,6000.0,9000.0,9600.0,7000.0,6100.0,8000.0,7500.0,6000.0,5900.0,6000.0,5500.0,6000.0,8000.0,9001.0,9000.0,7500.0,7000.0,8000.0,8000.0,6000.0,6000.0,7000.0,9900.0,8972.0,5100.0,6000.0,10000.0,10000.0,10000.0,10000.0,10000.0,10000.0,9900.0,10000.0,10000.0
394692,6,"Houston, TX",Msa,TX,8600.0,9100.0,9100.0,9900.0,9500.0,9500.0,9000.0,8000.0,8000.0,8000.0,7000.0,7000.0,7100.0,7000.0,7500.0,8500.0,8000.0,7900.0,6500.0,6000.0,5100.0,5400.0,6000.0,5100.0,5347.0,7400.0,7000.0,6385.0,6500.0,7494.0,8000.0,7000.0,8000.0,8525.0,8000.0,7000.0,8000.0,8000.0
395209,7,"Washington, DC",Msa,DC,10000.0,10000.0,10000.0,10000.0,10000.0,10000.0,10000.0,10000.0,10000.0,10000.0,10000.0,10000.0,10000.0,10000.0,10000.0,10000.0,10000.0,10000.0,10000.0,10000.0,10000.0,10000.0,10000.0,10000.0,10000.0,10001.0,10000.0,10000.0,10000.0,10000.0,11000.0,10100.0,10000.0,10000.0,10000.0,10000.0,10000.0,10000.0
394856,8,"Miami-Fort Lauderdale, FL",Msa,FL,10000.0,10000.0,10000.0,10000.0,10000.0,10000.0,10000.0,10000.0,10000.0,10000.0,10000.0,10000.0,10000.0,10000.0,10000.0,10000.0,10000.0,10000.0,10000.0,10000.0,10000.0,10000.0,10000.0,10000.0,10000.0,10000.0,10000.0,9900.0,9100.0,10000.0,9900.0,9999.0,10000.0,10000.0,10000.0,10000.0,10000.0,10000.0
394347,9,"Atlanta, GA",Msa,GA,6000.0,6974.0,9000.0,9100.0,9500.0,9100.0,7500.0,6500.0,6000.0,6000.0,5000.0,5000.0,5000.0,5000.0,5100.0,5500.0,6000.0,6000.0,5900.0,5100.0,5000.0,5000.0,5000.0,5000.0,5000.0,5900.0,6900.0,5900.0,6000.0,6900.0,8000.0,7600.0,9100.0,9100.0,9999.0,7900.0,9000.0,10000.0
394404,10,"Boston, MA",Msa,MA,10000.0,10000.0,14900.0,15900.0,15900.0,15000.0,14000.0,10100.0,14499.0,14000.0,10000.0,10000.0,10000.0,10000.0,14100.0,15100.0,15100.0,15000.0,14901.0,11000.0,15000.0,14900.0,10900.0,10000.0,10900.0,15000.0,15000.5,14000.0,15000.0,19900.0,20000.0,20000.0,20000.0,20000.0,16000.0,14000.0,15100.0,19000.0
395057,11,"San Francisco, CA",Msa,CA,15000.0,21000.0,26000.0,27000.0,28938.0,26000.0,21000.0,20000.0,20000.0,21500.0,20000.0,20000.0,19001.0,19000.0,20000.0,20000.0,21000.0,20000.0,20000.0,20000.0,20000.0,20000.0,20000.0,15000.0,15137.0,20000.0,25000.0,20000.0,24000.0,25000.0,27000.0,25000.0,30000.0,30000.0,30000.0,25000.0,26000.0,31000.0
394532,12,"Detroit, MI",Msa,MI,5000.0,5000.0,6000.0,7000.0,9100.0,9100.0,7900.0,6900.0,5900.0,5100.0,5100.0,5000.0,5000.0,5000.0,5100.0,6500.0,7900.0,8150.0,6900.0,6000.0,5900.0,5100.0,5000.0,5000.0,5000.0,5000.0,5000.0,5000.0,6100.0,8600.0,9100.0,9000.0,8000.0,7900.0,7000.0,6000.0,6200.0,7400.0
395025,13,"Riverside, CA",Msa,CA,10000.0,10000.0,10000.0,10000.0,10000.0,10000.0,10000.0,10000.0,9910.0,10000.0,10000.0,10000.0,10000.0,10000.0,10000.0,10000.0,9997.5,10000.0,10000.0,9900.0,8900.0,8500.0,9000.0,9100.0,10000.0,10000.0,10000.0,10000.0,10000.0,10000.0,10000.0,10000.0,10000.0,10000.0,10100.0,10000.0,10900.0,12000.0
394976,14,"Phoenix, AZ",Msa,AZ,5000.0,5000.0,5000.0,5000.0,5000.0,5000.0,5000.0,5000.0,5000.0,5000.0,4900.0,3996.0,4995.0,5000.0,5000.0,5000.0,5000.0,5000.0,5000.0,5000.0,5000.0,5000.0,5000.0,5000.0,5000.0,6000.0,6200.0,5000.0,5000.0,5100.0,6000.0,6000.0,7100.0,7000.0,7000.0,7000.0,8000.0,10000.0
395078,15,"Seattle, WA",Msa,WA,10038.5,15000.0,15000.0,20000.0,17000.0,15010.0,15000.0,14900.0,15000.0,15000.0,14500.0,12500.0,13000.0,15000.0,15000.0,15050.0,15225.0,15050.0,15000.0,14000.0,15000.0,15000.0,14000.0,10050.0,15000.0,15100.0,20000.0,15000.0,15000.0,15100.0,19000.0,16000.0,20000.0,19050.0,19050.0,15000.0,19000.0,19050.0
394865,16,"Minneapolis-St Paul, MN",Msa,MN,10000.0,10000.0,10000.0,10000.0,10000.0,10000.0,10000.0,10000.0,10000.0,10000.0,9900.0,6000.0,8000.0,10000.0,10000.0,10000.0,10000.0,10000.0,10000.0,10000.0,9955.0,7000.0,5100.0,5000.0,6000.0,10000.0,10000.0,10000.0,10000.0,10000.0,10000.0,10000.0,10000.0,10000.0,10000.0,8000.0,9300.0,10000.0
395056,17,"San Diego, CA",Msa,CA,12400.0,14000.0,13000.0,15000.0,15000.0,14000.0,14000.0,11707.0,10900.0,11000.0,12700.0,10000.0,10000.0,10001.0,11000.0,12000.0,13000.0,12000.0,11000.0,11000.0,10725.0,11000.0,11450.0,10000.0,11000.0,15000.0,15000.0,10001.0,12000.0,14878.0,15500.0,16000.0,19999.0,16000.0,15000.0,11000.0,19900.0,23962.5
395121,18,"St. Louis, MO",Msa,MO,5000.0,5000.0,5000.0,5000.0,5100.0,5100.0,5000.0,5000.0,5000.0,5000.0,5000.0,5000.0,5000.0,5000.0,5000.0,5400.0,5100.0,5100.0,5100.0,5000.0,5000.0,5000.0,5000.0,5000.0,5000.0,5000.0,5000.0,5000.0,5250.0,6400.0,7500.0,6382.0,7000.0,6000.0,5200.0,5100.0,5000.0,5000.5
395148,19,"Tampa, FL",Msa,FL,5000.0,5000.0,5000.0,5000.0,5000.0,5000.0,5000.0,5000.0,5000.0,5000.0,5000.0,5000.0,5000.0,5000.0,5000.0,5000.0,5000.0,5000.0,5000.0,5000.0,5000.0,5000.0,5000.0,5000.0,5000.0,5000.0,5000.0,5000.0,5000.0,5000.0,5000.0,5000.0,5001.0,5100.0,5000.0,5000.0,5000.0,6000.0
394358,20,"Baltimore, MD",Msa,MD,7900.0,7900.0,9905.5,10000.0,10000.0,10000.0,10000.0,9905.5,10000.0,10000.0,9499.5,8000.0,8000.0,8950.0,10000.0,10000.0,10000.0,10000.0,10000.0,10000.0,9950.0,9100.0,9000.0,6000.0,7000.0,9900.0,10000.0,9900.0,10000.0,10000.0,10000.0,10000.0,10000.0,10000.0,10000.0,10000.0,10000.0,10000.0
394530,21,"Denver, CO",Msa,CO,10000.0,10000.0,10000.0,10000.0,10000.0,10000.0,10000.0,10000.0,10000.0,10000.0,9975.0,7550.0,10000.0,10000.0,10000.0,10000.0,10000.0,10000.0,10000.0,9999.0,9900.0,8000.0,9000.0,6995.0,8000.0,10000.0,10000.0,10000.0,10000.0,10000.0,10000.0,10000.0,10000.0,10000.0,10000.0,10000.0,10000.0,10000.0
394982,22,"Pittsburgh, PA",Msa,PA,5000.0,5000.0,5000.0,5100.0,5500.0,5900.0,5150.0,5100.0,5100.0,5000.0,5000.0,5000.0,5000.0,5000.0,5037.5,5100.0,5400.0,5900.0,6000.0,5150.0,5100.0,5100.0,5000.0,5000.0,5000.0,5200.0,5900.0,5100.0,7400.0,7000.0,7250.0,7500.0,7000.0,7000.0,5550.0,5100.0,6000.0,6000.0
394998,23,"Portland, OR",Msa,OR,10000.0,10000.0,10000.0,10000.0,10000.0,10000.0,10000.0,10000.0,10000.0,10000.0,10000.0,10000.0,10000.0,10000.0,10000.0,10000.0,10000.0,10000.0,10000.0,10000.0,10000.0,10000.0,10000.0,8000.0,10000.0,10000.0,10000.0,10000.0,10000.0,10000.0,10000.0,10000.0,10100.0,11000.0,10445.0,10000.0,10000.0,10075.0
394458,24,"Charlotte, NC",Msa,NC,6000.0,7050.0,9100.0,8000.0,9001.0,8000.0,7400.0,6000.0,6100.0,6100.0,5000.0,5000.0,5000.0,5000.0,5100.0,5900.0,6000.0,6000.0,5100.0,5000.0,5000.0,5000.0,5000.0,5000.0,5000.0,6000.0,6000.0,5000.0,5100.0,7000.0,7600.0,10000.0,9500.0,8500.0,8000.0,10000.0,8550.0,10000.0
395045,25,"Sacramento, CA",Msa,CA,10000.0,10000.0,10000.0,10000.0,10000.0,10000.0,10000.0,10000.0,10000.0,10000.0,10000.0,10000.0,10000.0,10000.0,10000.0,10000.0,10000.0,10000.0,10000.0,10000.0,10000.0,10000.0,10000.0,10000.0,10000.0,10000.0,10000.0,10000.0,10000.0,10000.0,10000.0,10005.0,14000.0,14000.0,14000.0,14000.0,15000.0,16000.0
395055,26,"San Antonio, TX",Msa,TX,5000.0,5000.0,5000.0,5000.0,5090.0,5000.0,5094.0,5000.0,5000.0,5000.0,5000.0,5000.0,5000.0,5000.0,5000.0,5000.0,5000.0,5000.0,5000.0,5000.0,5000.0,5000.0,5000.0,5000.0,5000.0,5000.0,5000.0,5000.0,5000.0,5000.0,5000.0,5001.0,5001.0,5050.0,5100.0,5000.0,5000.0,5000.0
394943,27,"Orlando, FL",Msa,FL,5100.0,6000.0,6000.0,7000.0,6000.0,7000.0,6000.0,5001.0,5090.0,5000.5,5000.0,5000.0,5000.0,5100.0,5100.0,5100.0,5100.0,5500.0,5100.0,5900.0,5425.0,5100.0,5000.0,5000.0,5000.0,5100.0,6000.0,5030.0,5000.0,5100.0,5001.5,5447.5,5100.0,5100.0,5500.0,5000.5,5100.0,6000.0
394466,28,"Cincinnati, OH",Msa,OH,5000.0,5000.0,5000.0,6900.0,7500.0,7000.0,6000.0,5500.0,5400.0,5100.0,5000.0,5000.0,5000.0,5100.0,7000.0,8100.0,7900.0,7900.0,7100.0,6550.0,6000.0,5100.0,5100.0,5000.0,5005.5,6000.0,8000.0,6000.0,7000.0,8000.0,10000.0,9900.0,10000.0,9100.0,7400.0,7000.0,8000.0,7100.0
394475,29,"Cleveland, OH",Msa,OH,5000.0,5000.0,5100.0,5500.0,6175.0,6100.0,6000.0,5100.0,5100.0,5100.0,5000.0,5000.0,5000.0,5100.0,5100.0,6000.0,6000.0,7000.0,6000.0,5500.0,5100.0,5100.0,5000.0,5000.0,5000.0,5400.0,6000.0,5600.0,6000.0,6100.0,9100.0,7500.0,6500.0,5900.0,5400.0,5100.0,5900.0,6000.0
394735,30,"Kansas City, MO",Msa,MO,5000.0,5000.0,5500.0,6500.0,7100.0,7000.0,6000.0,5400.0,6000.0,5100.0,5100.0,5000.0,5100.0,5100.0,5500.0,7000.0,6500.0,6100.0,6500.0,5100.0,5500.0,5400.0,5100.0,5000.0,5100.0,6000.0,7000.0,5500.0,6100.0,9100.0,9025.5,9000.0,8000.0,9000.5,7000.0,8000.0,8000.0,9950.0
394775,31,"Las Vegas, NV",Msa,NV,5100.0,5501.0,5900.0,6000.0,6000.0,6500.0,5100.0,5100.0,5000.0,5000.0,5000.0,4994.0,5000.0,5000.0,5000.0,5000.0,5000.0,5000.0,5000.0,5000.0,5000.0,5000.0,5000.0,5000.0,5000.0,5100.0,6000.0,5000.0,5000.0,5000.0,5000.0,5000.0,5001.0,5000.0,5000.0,5000.0,5000.0,5253.0
394492,32,"Columbus, OH",Msa,OH,5000.0,5000.0,5000.0,6000.0,6700.0,7250.0,6000.0,5000.0,5000.0,5000.0,5000.0,5000.0,5000.0,5000.0,5044.0,5980.0,6000.0,7500.0,5100.0,5001.0,5000.0,5000.0,5000.0,5000.0,5000.0,5100.0,5009.0,5100.0,5000.0,7000.0,5900.0,7000.0,5500.0,6000.0,5100.0,5000.0,5000.0,6550.0
394705,33,"Indianapolis, IN",Msa,IN,5000.0,5000.0,5000.0,5100.0,5100.0,5100.0,5099.0,5000.0,5000.0,5000.0,5000.0,5000.0,5000.0,5000.0,5000.0,5400.0,6000.0,5100.0,5000.0,5000.0,5000.0,5000.0,5000.0,5000.0,5000.0,5000.0,5100.0,5000.0,5100.0,6000.0,5200.0,6900.0,5900.0,5500.0,5100.0,5000.0,5000.0,5052.0
395059,34,"San Jose, CA",Msa,CA,"",37000.0,33500.0,40000.0,49544.0,50000.0,34000.0,29888.0,36112.0,40000.0,30000.0,25525.0,20000.0,20000.0,34999.5,40000.0,31500.0,31111.0,30000.0,25950.0,25000.0,30000.0,23944.0,21000.0,23888.0,20000.0,30000.0,20900.0,30000.0,31000.0,38888.0,40000.0,40999.5,41444.0,39000.5,40000.0,30000.0,40000.0
394355,35,"Austin, TX",Msa,TX,6000.0,8001.0,7000.0,8000.0,6000.0,7100.0,8000.0,6000.0,6400.0,6000.0,5900.0,5000.0,5000.0,5099.0,5531.0,5500.0,6000.0,5900.0,6000.0,5400.0,5500.0,5000.0,5000.0,5000.0,5000.0,5504.0,7500.0,5388.0,6000.0,6000.0,8000.0,10000.0,9905.5,9500.0,10000.0,10000.0,10000.0,15300.0
395194,36,"Virginia Beach, VA",Msa,VA,5000.0,5000.0,5000.0,5000.0,5000.0,5000.0,5000.0,5000.0,5000.0,5000.0,5000.0,5000.0,5000.0,5000.0,5000.0,5000.0,5100.0,5100.0,5000.0,5000.0,5000.0,5000.0,5000.0,4972.0,5000.0,5000.0,5000.0,5000.0,5000.0,5000.0,5000.0,6000.0,5500.0,5100.0,5001.0,5000.0,5000.0,5000.0
394902,37,"Nashville, TN",Msa,TN,7000.0,6993.0,6000.0,8095.0,9100.0,8988.0,8000.0,6600.0,6000.0,5100.0,5000.0,5000.0,5000.0,5000.0,5000.0,6000.0,6000.0,6000.0,6000.0,5100.0,5100.0,5100.0,5100.0,5000.0,5000.0,7000.0,6000.5,5000.0,5001.0,6000.0,6600.0,8600.0,8000.0,9100.0,8000.0,9299.5,8000.5,10000.0
395005,38,"Providence, RI",Msa,RI,10000.0,10000.0,10000.0,10000.0,10000.0,10000.0,10000.0,10000.0,10000.0,10000.0,10000.0,10000.0,9100.0,10000.0,10000.0,10000.0,10000.0,10000.0,10000.0,10000.0,10000.0,10000.0,10000.0,10000.0,10000.0,10000.0,10000.0,10000.0,10000.0,10000.0,10000.0,10000.0,10000.0,10000.0,10000.0,10000.0,10000.0,10000.0
394862,39,"Milwaukee, WI",Msa,WI,5000.0,5000.0,5100.0,5900.0,6000.0,8900.0,6000.0,5500.0,5000.0,5000.0,5000.0,5000.0,5000.0,5000.0,5000.0,5000.0,7100.0,7500.0,7000.0,5500.0,5100.0,5100.0,5000.0,5000.0,5000.0,5900.0,7000.0,5700.0,9000.0,9000.0,10000.0,8000.0,8250.0,5490.0,5100.0,5000.0,6000.0,7000.0
394714,40,"Jacksonville, FL",Msa,FL,5000.0,5000.0,5000.0,5000.0,5000.0,5000.0,5000.0,5000.0,5000.0,5000.0,5000.0,5000.0,5000.0,5000.0,5000.0,5000.0,5000.0,5000.0,5000.0,5000.0,5000.0,5000.0,5000.0,5000.0,5000.0,5000.0,5000.0,4900.0,5000.0,5000.0,5000.0,5000.0,5000.0,5000.0,5000.0,5000.0,5000.0,5900.0
394849,41,"Memphis, TN",Msa,TN,5000.0,5000.0,5000.0,5000.0,5000.0,5000.0,5000.0,5000.0,5000.0,5000.0,5000.0,5000.0,5000.0,5000.0,5000.0,5100.0,5000.0,5100.0,5100.0,5000.0,5000.0,5000.0,5000.0,5000.0,5000.0,5000.0,5100.0,5000.0,5000.0,5100.0,5000.0,5999.5,5100.0,5100.0,5100.0,5100.0,6000.0,5500.0
394935,42,"Oklahoma City, OK",Msa,OK,4000.0,4499.0,4500.0,4900.0,4900.0,4900.0,5000.0,4900.0,5000.0,4850.0,4900.0,4500.0,4100.0,4600.0,5000.0,5000.0,5000.0,5000.0,5000.0,5000.0,5000.0,5000.0,4600.0,3500.0,4300.0,5000.0,5000.0,4900.0,4999.0,5000.0,5000.0,5000.0,5000.0,5000.0,5000.0,5000.0,5000.0,5000.0
394807,43,"Louisville-Jefferson County, KY",Msa,KY,5000.0,5000.0,5000.0,5100.0,5900.0,5200.0,5500.0,5100.0,5000.0,5000.0,5000.0,5000.0,5000.0,5000.0,5000.0,5900.0,5684.0,5100.0,5100.0,5000.0,5000.0,5000.0,5000.0,5000.0,5000.0,5000.0,5000.0,5000.0,5000.0,5388.0,5500.0,6000.0,6000.0,5100.0,5000.0,5000.0,5000.0,5000.0
394669,44,"Hartford, CT",Msa,CT,9100.0,10000.0,10000.0,10000.0,10000.0,10000.0,10000.0,10000.0,10000.0,9900.0,8100.0,8000.0,7100.0,7450.0,10000.0,10000.0,10000.0,10000.0,10000.0,10000.0,10000.0,10000.0,8000.0,9900.0,8000.0,10000.0,10000.0,10000.0,10000.0,10000.0,10000.0,10000.0,10000.0,10000.0,10000.0,10000.0,10000.0,10000.0
395022,45,"Richmond, VA",Msa,VA,5100.0,6000.0,6050.0,7072.5,8100.0,7500.0,7950.0,6100.0,7000.0,6425.0,5100.0,5075.0,5050.0,5100.0,5856.0,8000.0,8000.0,7500.0,7002.5,6000.0,5100.0,5900.0,5095.0,5000.0,5100.0,5050.0,5500.0,6000.0,6000.0,6000.0,7000.0,7050.0,7000.0,8175.0,7550.0,6950.0,7000.0,9020.0
394910,46,"New Orleans, LA",Msa,LA,6000.0,6000.0,6000.0,6000.0,5400.0,7000.0,6000.0,6000.0,6000.0,6148.0,6000.0,5000.0,6000.0,6000.0,6000.0,7500.0,7000.0,6500.0,6000.0,6000.0,6000.0,5000.0,5100.0,6000.0,6000.0,7000.0,5999.0,5000.0,5900.0,6600.0,7500.0,9100.0,9000.5,9900.0,9100.0,7000.0,9500.0,9050.0
394425,47,"Buffalo, NY",Msa,NY,6000.0,6400.0,6900.0,7000.0,9900.0,7025.0,9100.0,7000.0,7000.0,7000.0,5100.0,5100.0,5000.0,5094.5,5900.0,5100.0,8000.0,10000.0,9600.0,8000.0,7910.0,6000.0,5450.0,5150.0,5100.0,7000.0,9950.0,9950.5,7100.0,9901.0,10000.0,10000.0,10000.0,10000.0,9777.0,9100.0,9500.5,10000.0
395012,48,"Raleigh, NC",Msa,NC,5000.0,5100.0,7000.0,6200.0,6000.0,6000.0,5900.0,5100.0,5000.0,5000.0,5000.0,4767.0,5000.0,5000.0,5000.0,5100.0,5100.0,5100.0,5000.0,5000.0,5000.0,5000.0,5000.0,5000.0,5000.0,5000.0,5100.0,5000.0,5100.0,7000.0,6900.0,6000.0,6005.0,7161.5,6000.0,6000.0,5100.0,7099.0
394388,49,"Birmingham, AL",Msa,AL,5000.0,5100.0,5100.0,6000.0,6000.0,5900.0,6000.0,5822.5,5100.0,5100.0,5500.0,5000.0,5100.0,7950.0,7000.0,8000.0,8998.0,6000.0,7400.0,6000.0,5000.0,5000.0,5000.0,5000.0,5000.0,5003.0,5450.0,6000.0,6000.0,9100.0,8000.0,6500.0,7000.0,5100.0,7000.0,6000.0,8100.0,8000.0
395053,50,"Salt Lake City, UT",Msa,UT,6000.0,9900.0,9100.0,10000.0,10000.0,10000.0,10000.0,10000.0,10000.0,9000.0,6000.0,5838.0,5900.0,5100.0,8000.0,10000.0,9900.0,9910.0,9900.0,9100.0,7974.0,6100.0,6000.0,5003.0,7175.0,10000.0,10000.0,10000.0,10000.0,10000.0,10000.0,10000.0,10000.0,10000.0,10000.0,10000.0,10000.0,11000.0
395031,51,"Rochester, NY",Msa,NY,5000.0,5000.0,5100.0,5400.0,7000.0,6000.0,7000.0,5400.0,5000.0,5100.0,5000.0,5000.0,5000.0,5000.0,6000.0,9912.0,9000.0,9900.0,9700.0,6000.0,6900.0,5100.0,5100.0,5000.0,5000.0,5900.0,10000.0,8050.0,6295.0,10000.0,10000.0,10000.0,9100.0,9100.0,9050.0,8700.0,6000.0,9900.0
394640,52,"Grand Rapids, MI",Msa,MI,5000.0,5000.0,5100.0,7400.0,7700.0,9900.0,9900.0,7600.0,6000.0,6150.0,5100.0,5100.0,5000.0,5000.0,5900.0,8000.0,9900.5,10000.0,10000.0,9900.5,9100.0,5500.0,5000.0,5000.0,5100.0,8000.0,7600.0,5000.0,9100.0,10000.0,10000.0,10000.0,10000.0,8050.0,9000.0,7100.0,9950.0,10000.0
395167,53,"Tucson, AZ",Msa,AZ,6000.0,5599.0,6000.0,7000.0,7000.0,5000.0,5002.0,5100.0,5100.0,5500.0,6000.0,6000.0,6000.0,5400.0,6000.0,6000.0,6000.0,5484.5,5425.0,5100.0,5100.0,5000.0,5000.0,5000.0,5000.0,7000.0,7000.0,5000.0,5949.5,6000.0,8383.0,6000.0,7639.0,6000.0,7900.0,7000.0,8001.0,8550.0
753924,54,"Urban Honolulu, HI",Msa,HI,19000.0,20000.0,15000.0,13000.0,14000.0,15000.0,15000.0,14000.0,15000.0,15000.0,15000.0,15000.0,15000.0,13500.0,15000.0,15000.0,14000.0,16000.0,16000.0,15000.0,15000.0,18050.0,14900.0,15000.0,15000.0,16000.0,14000.0,14000.5,11000.0,13888.0,11000.0,15000.0,15000.0,14000.0,14000.0,13450.5,15000.0,15005.0
395169,55,"Tulsa, OK",Msa,OK,5000.0,5000.0,5000.0,5000.0,5000.0,5000.0,5000.0,5000.0,5000.0,5000.0,5000.0,5000.0,5000.0,5000.0,5000.0,5000.0,5000.0,5000.0,5000.0,5000.0,5000.0,5000.0,5000.0,5000.0,5000.0,5000.5,5000.0,5000.0,5000.0,5100.0,5000.0,5100.0,5000.0,5000.0,5000.0,5000.0,5055.0,6050.0
394619,56,"Fresno, CA",Msa,CA,6000.0,6500.0,9000.0,8500.0,9055.0,9000.0,8000.0,8050.0,7900.0,8000.0,5300.0,6650.0,6000.0,7000.0,7500.0,7900.0,9900.0,9975.0,9455.0,7917.5,8000.0,7000.0,6000.0,6275.0,6100.0,9062.0,10000.0,7875.0,7610.0,9450.0,10000.0,10000.0,10000.0,10000.0,6900.0,9100.0,10000.0,10000.0
395238,57,"Worcester, MA",Msa,MA,9990.0,9900.0,10000.0,10000.0,10000.0,10000.0,10000.0,10000.0,10000.0,10000.0,10000.0,7500.0,8000.0,6450.0,10000.0,10000.0,10000.0,10000.0,10000.0,10000.0,10000.0,10000.0,10000.0,7000.0,10000.0,10000.0,10000.0,10000.0,10000.0,10000.0,10000.0,10000.0,10000.0,10000.0,10000.0,10000.0,10000.0,10000.0
394415,58,"Stamford, CT",Msa,CT,15000.0,16000.0,19100.0,20000.0,20000.0,20000.0,15000.0,15000.0,19000.0,16000.0,15000.0,14990.0,16000.0,19100.0,16000.0,20000.0,20000.0,19005.0,16000.0,14900.0,19500.0,15000.0,14100.0,12000.0,20000.0,19950.0,16000.0,10900.0,15000.0,16000.0,17500.0,17000.0,19100.0,16000.0,16000.0,15000.0,19901.0,20000.0
394312,59,"Albuquerque, NM",Msa,NM,5000.0,5000.0,5000.0,5000.0,5100.0,5000.0,5000.0,5000.0,5000.0,5000.0,5000.0,5000.0,5000.0,5000.0,5000.0,5100.0,5100.0,5050.0,5100.0,5100.0,5050.5,5000.0,5100.0,5000.0,5100.0,5000.0,5000.0,5000.0,5100.0,7000.0,6000.0,6000.0,6000.0,6000.0,6000.0,5500.0,6000.0,9000.0
394308,60,"Albany, NY",Msa,NY,5500.0,5100.0,7950.0,7000.0,9000.0,8000.0,9500.0,8450.0,8200.0,7000.0,6000.0,7900.0,5900.0,7000.0,6200.0,7000.0,8000.0,9100.0,7900.0,9000.0,7900.0,6000.0,5100.0,5000.0,5000.0,5999.0,6000.0,8452.5,8000.0,9900.0,9950.0,10000.0,10000.0,7400.0,9900.0,9050.0,6000.0,6000.0
394938,61,"Omaha, NE",Msa,NE,5000.0,5000.0,5100.0,6000.0,5900.0,5925.0,6000.0,5500.0,5050.0,5000.0,5000.0,5000.0,5000.0,5000.0,5100.0,6500.0,6000.0,6000.0,5250.0,6100.0,5100.0,5100.0,5000.0,5000.0,5000.0,5000.0,5100.0,5000.0,6000.0,6000.0,8000.0,6000.0,7000.0,7000.0,7500.0,5100.0,5000.0,10000.0
394908,62,"New Haven, CT",Msa,CT,10000.0,10000.0,10000.0,10000.0,10000.0,10000.0,10000.0,10000.0,10000.0,10000.0,10000.0,8500.0,10000.0,8500.0,9950.0,10000.0,10000.0,10000.0,10000.0,10000.0,10000.0,10000.0,8000.0,10000.0,9900.0,10000.0,10000.0,10000.0,10000.0,10000.0,10000.0,10000.0,10000.0,10000.0,10000.0,10000.0,10000.0,10000.0
394357,63,"Bakersfield, CA",Msa,CA,5000.0,6000.0,5925.0,5100.0,6100.0,7000.0,5900.0,6000.0,5072.5,5000.0,5000.0,5000.0,5000.0,5100.0,5001.0,6000.0,5900.0,6000.0,6000.0,5100.0,5900.0,5500.0,6000.0,5100.0,5000.0,7000.0,5100.0,5000.0,5000.0,7000.0,6000.0,8000.0,8050.0,9050.0,8740.0,9975.0,7000.0,7049.5
394753,64,"Knoxville, TN",Msa,TN,5000.0,5000.0,5100.0,5100.0,5100.0,5100.0,5100.0,5000.0,5000.0,5000.0,5000.0,5000.0,5000.0,5000.0,5052.0,5900.0,5900.0,6000.0,5100.0,5900.0,5000.0,5000.0,5000.0,5000.0,5000.0,5000.0,5500.0,5000.0,5000.0,6000.0,6000.0,6050.0,9000.0,6500.0,7000.0,5300.0,6950.0,8600.0
394653,65,"Greenville, SC",Msa,SC,5000.0,5750.0,5000.0,5100.0,5100.0,5100.0,5071.5,5100.0,5000.0,5100.0,5000.0,5000.0,5000.0,5000.0,5000.0,6000.0,5100.0,5500.0,5000.0,5000.0,5000.0,5000.0,5000.0,5000.0,5000.0,5000.0,5000.0,5000.0,5000.0,5000.0,5000.0,5100.0,5400.0,5000.0,5100.0,5100.0,5100.0,6000.0
394952,66,"Ventura, CA",Msa,CA,15000.0,10100.0,14995.0,14000.0,12000.0,12000.0,14100.0,12099.5,12000.0,10001.0,10000.0,10000.0,11000.0,13250.0,10995.0,11000.0,10900.0,12500.0,14000.0,14000.0,11000.0,12950.0,11000.0,14000.0,15001.0,20000.0,16000.0,15000.0,14400.0,14000.0,16000.0,19800.0,24000.0,19100.0,20000.0,20125.0,20000.0,25000.5
394318,67,"Allentown, PA",Msa,PA,5900.0,6000.0,5900.0,7000.0,6100.0,7000.0,7600.0,7004.5,6500.0,7000.0,7000.0,6000.0,6000.0,7000.0,7000.0,7500.0,9000.0,8000.0,9100.0,6000.0,8000.0,6000.0,8000.0,6000.0,6000.0,8000.0,8000.0,8000.0,9000.0,10000.0,9800.0,10000.0,10000.0,10000.0,9350.0,7500.0,10000.0,10000.0
394561,68,"El Paso, TX",Msa,TX,4900.0,4525.0,4100.0,4500.0,4950.0,4824.0,4025.5,4501.0,4500.5,4900.0,4950.0,5000.0,5000.0,5000.0,5000.0,5000.0,5000.0,5000.0,5000.0,5000.0,5000.0,5000.0,5000.0,4900.0,5000.0,4900.0,5000.0,5000.0,5000.0,5000.0,5000.0,5050.0,5000.0,5000.0,5000.0,5000.0,5000.0,5000.0
394367,69,"Baton Rouge, LA",Msa,LA,5000.0,5000.0,5000.0,5100.0,5000.0,5000.0,5000.0,5000.0,5000.0,5000.0,5000.0,5000.0,5000.0,5000.0,5000.0,5000.0,5000.0,5000.0,5000.0,5000.0,5000.0,5000.0,5000.0,5000.0,4900.0,4000.0,5000.0,5000.0,5000.0,5000.0,5000.0,5000.0,5000.0,5000.0,5000.0,5000.0,5000.0,5905.0
394521,70,"Dayton, OH",Msa,OH,5000.0,4100.0,5000.0,5000.0,5000.0,5000.0,5000.0,5000.0,5000.0,4900.0,4000.0,3000.0,3500.0,4900.0,5000.0,5000.0,5000.0,5000.0,5000.0,5000.0,5000.0,5000.0,5000.0,5000.0,5000.0,5000.0,5000.0,5000.0,5000.0,5000.0,5000.0,5000.0,5000.0,5000.0,5000.0,5000.0,5000.0,5100.0
394843,71,"McAllen, TX",Msa,TX,5900.0,5000.0,5000.0,5100.0,5399.5,5100.0,5000.0,5000.0,5100.0,5100.0,5000.0,5000.0,5400.0,5000.0,5900.0,6900.0,5000.0,5449.5,6000.0,5500.0,7000.0,5900.0,5100.0,5500.0,5100.0,6000.0,6000.0,5900.0,5000.0,5099.0,5100.0,5500.0,5900.0,5100.0,6800.0,5100.0,6000.0,5000.0
394486,72,"Columbia, SC",Msa,SC,5000.0,5000.0,5000.0,5000.0,5000.0,5000.0,5000.0,5000.0,5000.0,5000.0,5000.0,5000.0,5000.0,5000.0,5000.0,5000.0,5000.0,5000.0,5000.0,5000.0,5000.0,5000.0,5000.0,5000.0,5000.0,5000.0,5000.0,4550.0,5000.0,5000.0,5000.0,5000.0,5000.0,5000.0,5000.0,5000.0,5000.0,5000.0
394648,73,"Greensboro, NC",Msa,NC,5000.0,5000.0,5000.0,5000.0,5100.0,5000.0,5000.0,5100.0,5000.0,5000.0,5000.0,5000.0,5000.0,5000.0,5000.0,5450.0,5000.0,5099.0,5025.5,5000.0,5000.0,5000.0,5000.0,5000.0,5000.0,5000.0,5000.0,4850.0,5100.0,5126.5,6000.0,5300.0,5001.0,5000.0,5100.0,5050.0,5000.0,5000.0
394304,74,"Akron, OH",Msa,OH,5000.0,5000.0,5000.0,5000.0,5000.0,5100.0,5200.0,5000.0,5000.0,5000.0,5000.0,5000.0,5000.0,5000.0,5000.0,5000.0,5900.0,6000.0,5499.0,6000.0,5900.0,5400.0,5000.0,5000.0,5000.0,5000.0,5000.0,5000.0,6950.0,5950.0,6550.0,9000.5,5500.0,6100.0,5100.0,5000.0,5000.0,5000.0
753906,75,"North Port-Sarasota-Bradenton, FL",Msa,FL,9100.0,9600.0,9950.0,9001.0,9000.0,8900.0,9500.0,7000.0,6900.0,7900.0,7000.0,8950.0,10000.0,9900.0,9600.0,9100.0,8400.0,7400.0,7600.0,7000.0,5900.0,7000.0,6000.0,8000.0,9000.0,10000.0,7900.0,6000.0,5100.0,5638.0,7500.0,7250.0,6000.0,6765.0,6000.0,8050.0,8000.0,10000.0
394798,76,"Little Rock, AR",Msa,AR,5000.0,5000.0,5000.0,5000.0,5000.0,5000.0,5000.0,5000.0,5000.0,5000.0,5000.0,5000.0,5000.0,5000.0,5000.0,5000.0,5000.0,5000.0,5000.0,5000.0,5000.0,5000.0,5000.0,5000.0,5000.0,5000.0,5000.0,5000.0,5000.0,5000.0,5000.0,5000.0,5000.0,5000.0,5000.0,6050.0,6100.0,6000.0
395134,77,"Stockton, CA",Msa,CA,9100.0,10000.0,9000.0,10000.0,10000.0,10000.0,10000.0,9900.0,9900.0,10000.0,10000.0,7000.0,9990.0,10000.0,9500.0,10000.0,10000.0,10000.0,10000.0,9998.0,10000.0,10000.0,10000.0,10000.0,10000.0,10000.0,10000.0,7000.0,8000.0,9001.0,10000.0,10000.0,10000.0,10100.0,10000.0,10000.0,10001.0,11000.0
394457,78,"Charleston, SC",Msa,SC,5100.0,5000.0,5001.0,5900.0,5500.0,5500.0,5000.0,5100.0,5000.0,5100.0,5000.0,5000.0,5000.0,5000.0,5100.0,6000.0,6000.0,5100.0,5000.0,5000.0,5000.0,5018.0,5100.0,5000.0,5000.0,6000.0,5100.0,5000.0,5000.0,5001.0,5000.0,6000.0,6000.0,7500.0,7000.0,6000.0,9100.0,6500.0
395143,79,"Syracuse, NY",Msa,NY,5000.0,5000.0,5000.0,5000.0,5000.0,6000.0,5000.0,5000.0,5000.0,5000.0,5000.0,5000.0,5000.0,5000.0,5000.0,5000.0,5100.0,5250.0,5100.0,5100.0,5100.0,5000.0,5000.0,5000.0,5000.0,5000.0,5000.0,6950.0,6000.0,6650.0,8750.0,10000.0,6000.0,6000.0,5000.0,5000.0,5100.0,5600.0
394484,80,"Colorado Springs, CO",Msa,CO,9100.0,9000.0,10000.0,10100.0,10000.0,10000.0,10000.0,10000.0,9500.0,10000.0,6000.0,5300.0,10000.0,8000.0,9000.0,10000.0,10000.0,10000.0,10000.0,10000.0,10000.0,10000.0,7450.0,6000.0,10000.0,10000.0,10100.0,10000.0,10000.0,10000.0,10000.0,10100.0,10000.0,10000.0,10000.0,10000.0,10000.0,20000.0
395235,81,"Winston-Salem, NC",Msa,NC,5100.0,5000.0,5700.0,5400.0,5100.0,5090.0,5100.0,5000.0,5100.0,5000.0,5000.0,5000.0,5000.0,5100.0,5199.0,5900.0,7000.0,7000.0,5100.0,6000.0,5100.0,5100.0,5100.0,5400.0,5002.5,6300.0,7000.0,5300.0,5100.0,8200.0,7000.0,5000.0,5100.0,6000.0,7500.0,5000.0,5900.0,10000.0
395224,82,"Wichita, KS",Msa,KS,5000.0,5000.0,5000.0,5000.0,5000.0,5000.0,5000.0,5000.0,5000.0,5000.0,5000.0,5000.0,5000.0,5000.0,5000.0,5000.0,5000.0,5000.0,5000.0,5000.0,5000.0,5000.0,5000.0,5000.0,5000.0,5000.0,5000.0,5000.0,5000.0,5100.0,5000.5,5001.0,5000.0,5000.0,5000.0,5000.0,5000.0,5000.0
395115,83,"Springfield, MA",Msa,MA,5000.0,5000.0,7250.0,6050.0,9100.0,10000.0,8000.0,7600.0,6000.0,7000.0,5100.0,5100.0,5000.0,5000.0,5204.0,6100.0,7400.0,9100.0,7600.0,10000.0,9100.0,6950.0,6000.0,5000.0,5100.0,7500.0,9100.0,6000.0,6000.0,8000.0,10000.0,10000.0,10000.0,10000.0,9000.0,9900.0,10000.0,10000.0
394440,84,"Fort Myers, FL",Msa,FL,6000.0,6400.0,6000.0,6000.0,5100.0,5100.0,5000.0,5000.0,5000.0,5000.0,5000.0,5100.0,5100.0,6000.0,6000.0,5100.0,5070.0,5000.0,5000.0,5000.0,5000.0,5000.0,5000.0,5000.0,5100.0,6500.0,5900.0,5000.0,5000.0,5000.0,5000.0,5000.0,5000.0,5000.0,6000.0,5900.0,5100.0,8000.0
394399,85,"Boise City, ID",Msa,ID,5000.0,5100.0,6000.0,6900.0,5769.0,8100.0,5000.0,6000.0,5100.0,5100.0,5000.0,5000.0,5000.0,5000.0,5000.0,5100.0,8100.0,6000.0,5400.0,7000.0,6000.0,5100.0,5000.0,5000.0,5000.0,5000.0,5000.0,5976.0,5900.0,9000.0,9050.0,10000.0,10000.0,10000.0,10100.0,5000.0,5000.0,16000.0
395160,86,"Toledo, OH",Msa,OH,5000.0,5000.0,5000.0,5000.0,5000.0,5000.0,5000.0,5000.0,5000.0,5000.0,5000.0,5000.0,5000.0,5000.0,5000.0,5000.0,5000.0,5100.0,5000.0,5000.0,5000.0,5000.0,5000.0,5000.0,5000.0,5000.0,5000.0,5000.0,5000.0,6100.0,5450.0,5025.0,5100.0,5450.0,5000.0,5000.0,5000.0,5000.0
394816,87,"Madison, WI",Msa,WI,7000.0,7600.0,8000.0,10000.0,10000.0,10000.0,10000.0,10000.0,9900.0,9658.0,9100.0,9950.0,8800.0,10000.0,10000.0,10000.0,10000.0,10000.0,10000.0,10000.0,10000.0,8000.0,6000.0,9000.0,10000.0,10000.0,10000.0,10000.0,10000.0,10000.0,10000.0,10000.0,10000.0,10000.0,10000.0,10000.0,10000.0,10000.0
394766,88,"Lakeland, FL",Msa,FL,5000.0,5000.0,5000.0,5000.0,5000.0,5000.0,5000.0,5000.0,5000.0,5000.0,5000.0,5000.0,5000.0,5000.0,5000.0,5000.0,5000.0,5000.0,5000.0,5000.0,5000.0,5000.0,5000.0,5000.0,5000.0,5000.0,5000.0,5000.0,5000.0,5000.0,5000.0,5000.0,5000.0,5000.0,5000.0,5000.0,5000.0,5000.0
394931,89,"Ogden, UT",Msa,UT,5100.0,7605.0,8900.0,9600.0,9900.0,10000.0,9000.0,6000.0,6000.0,5900.0,6000.0,5000.0,5100.0,5100.0,6000.0,6000.0,6000.0,7900.0,6000.0,6100.0,5100.0,5900.0,5100.0,5000.0,5000.0,7500.0,8095.0,6183.0,7800.0,9900.0,10000.0,10000.0,10000.0,10000.0,10000.0,10000.0,10000.0,9900.0
394528,90,"Daytona Beach, FL",Msa,FL,5000.0,5000.0,5100.0,5100.0,5001.0,5100.0,5100.0,5000.0,5000.0,5000.0,5000.0,5000.0,5000.0,5000.0,5000.0,5100.0,5000.5,5100.0,5000.0,5000.0,5000.0,5000.0,5000.0,5000.0,5000.0,5100.0,5050.0,5000.0,5000.0,5000.0,5000.0,5000.0,5100.0,5100.0,5000.0,5000.0,5500.0,7000.0
394531,91,"Des Moines, IA",Msa,IA,5000.0,5000.0,5000.0,5000.0,5000.0,5000.0,5000.0,5000.0,5000.0,5000.0,5000.0,5000.0,5000.0,5000.0,5000.0,5000.0,5000.0,5000.0,5000.0,5000.0,5000.0,5000.0,5000.0,4000.0,5000.0,5000.0,5000.0,5000.0,5000.0,5000.0,5000.0,5000.0,5000.0,5000.0,5000.0,5000.0,5000.0,5000.0
394711,92,"Jackson, MS",Msa,MS,5000.0,5000.0,5000.0,5000.0,5000.0,5000.0,5000.0,5000.0,5000.0,5000.0,5000.0,5000.0,5000.0,5000.0,5000.0,5000.0,5000.0,5000.0,5000.0,5000.0,5000.0,5000.0,5000.0,4900.0,5000.0,5000.0,5036.0,5000.0,5000.0,5000.0,5100.0,5100.0,5100.0,5100.0,5000.0,5350.0,5492.0,7050.0
394352,94,"Augusta, GA",Msa,GA,5000.0,5000.0,5100.0,5000.0,5000.0,5000.0,5000.0,5100.0,5000.0,5000.0,5000.0,5000.0,5001.0,5000.0,5100.0,5000.0,5000.0,5000.0,5000.0,5000.0,5000.0,5000.0,5000.0,5000.0,5000.0,5100.0,5000.0,5000.0,5000.0,6000.0,5000.0,5000.0,5500.0,5000.0,5000.0,5900.0,5000.0,6000.0
394666,96,"Harrisburg, PA",Msa,PA,5000.0,5000.0,5000.0,5000.0,5000.0,5000.0,5000.0,5000.0,5000.0,5100.0,5000.0,5000.0,5000.0,5000.0,5100.0,5300.0,5000.0,5900.0,5005.0,5100.0,5100.0,5000.0,5051.5,5000.0,5000.0,5100.0,5250.0,6900.0,5000.0,5900.0,7000.0,5400.0,5000.0,5249.5,5950.0,5000.0,5000.0,5000.0
395006,100,"Provo, UT",Msa,UT,5425.0,7500.0,9900.0,10000.0,8400.0,9900.0,8000.0,8000.0,6000.0,5000.0,5100.0,5000.0,5000.0,5000.0,5000.0,5000.0,6100.0,5850.0,5500.0,6000.0,5550.0,5000.0,5000.0,5000.0,5100.0,5500.0,7550.0,5000.0,6157.5,8500.0,6000.0,10000.0,10000.0,9950.5,9000.0,10000.0,10000.0,11300.0
394602,159,"Fort Collins, CO",Msa,CO,9100.0,7500.0,9900.0,10000.0,10000.0,10000.0,10000.0,10000.0,10000.0,10000.0,10000.0,6550.0,7500.0,5100.0,9000.0,9050.0,9000.0,9100.0,7325.0,7000.0,7500.0,7000.0,7000.0,5100.0,5712.5,7269.5,10000.0,7000.0,8000.0,9000.0,8800.0,7227.0,8000.0,9999.5,10000.0,8000.0,6000.0,10000.0
